City_ID,City,Country,Date,Lat,Lng,Max Temp,Humidity,Cloudiness,Wind Speed
0,Butaritari,KI,2022-06-21 14:50:59,3.0707,172.7902,82.56,73,37,13.49
1,Itupiranga,BR,2022-06-21 14:51:00,-5.1347,-49.3267,88.12,47,3,4.81
2,Vao,NC,2022-06-21 14:51:00,-22.6667,167.4833,70.43,53,83,15.97
3,Ginda,IN,2022-06-21 14:51:00,30.6945,78.4932,67.06,56,90,3.47
4,Ust-Tsilma,RU,2022-06-21 14:51:01,65.441,52.1498,63.18,52,100,10.0
5,Santiago Del Estero,AR,2022-06-21 14:51:01,-27.7951,-64.2615,63.68,44,5,13.91
6,Punta Arenas,CL,2022-06-21 14:47:51,-53.15,-70.9167,35.71,87,40,14.97
7,Tasiilaq,GL,2022-06-21 14:51:02,65.6145,-37.6368,36.93,88,21,13.35
8,Vaini,TO,2022-06-21 14:51:02,-21.2,-175.2,71.76,94,40,2.3
9,Honiara,SB,2022-06-21 14:51:02,-9.4333,159.95,76.57,88,15,4.83
10,Jamestown,US,2022-06-21 14:46:45,42.097,-79.2353,78.39,64,20,9.22
11,Aklavik,CA,2022-06-21 14:51:03,68.2191,-135.0107,50.0,66,20,4.61
12,Torbay,CA,2022-06-21 14:51:03,47.6666,-52.7314,65.17,89,100,11.5
13,Kruisfontein,ZA,2022-06-21 14:51:04,-34.0033,24.7314,63.88,72,100,4.88
14,Deputatskiy,RU,2022-06-21 14:51:04,69.3,139.9,40.48,57,4,2.53
15,Mataura,NZ,2022-06-21 14:51:04,-46.1927,168.8643,29.48,92,0,2.51
16,Vestmannaeyjar,IS,2022-06-21 14:51:05,63.4427,-20.2734,47.39,100,100,23.02
17,Tyazhinskiy,RU,2022-06-21 14:51:05,56.116,88.524,61.25,91,41,4.88
18,Rikitea,PF,2022-06-21 14:51:05,-23.1203,-134.9692,72.48,62,20,8.25
19,Padang,ID,2022-06-21 14:51:06,-0.9492,100.3543,78.19,87,100,2.89
20,Busselton,AU,2022-06-21 14:51:06,-33.65,115.3333,64.27,78,91,11.01
21,Albany,US,2022-06-21 14:48:39,42.6001,-73.9662,65.26,59,100,3.65
22,Kutum,SD,2022-06-21 14:51:07,14.2,24.6667,91.49,21,10,7.87
23,Khani,GE,2022-06-21 14:51:07,41.9563,42.9566,63.97,98,93,3.15
24,East London,ZA,2022-06-21 14:51:07,-33.0153,27.9116,67.14,77,0,5.75
25,Vardo,NO,2022-06-21 14:51:08,70.3705,31.1107,48.18,87,0,10.36
26,Acapulco,MX,2022-06-21 14:48:41,16.8634,-99.8901,78.62,89,100,8.05
27,Gat,IL,2022-06-21 14:51:08,31.61,34.7642,80.82,100,0,16.82
28,Provideniya,RU,2022-06-21 14:51:08,64.3833,-173.3,40.14,98,100,5.61
29,Georgetown,MY,2022-06-21 14:49:14,5.4112,100.3354,84.15,79,20,5.99
30,Campos Altos,BR,2022-06-21 14:51:09,-19.6961,-46.1714,75.15,42,0,7.67
31,Mangrol,IN,2022-06-21 14:51:09,21.1167,70.1167,85.89,73,38,16.58
32,Ushuaia,AR,2022-06-21 14:51:10,-54.8,-68.3,37.06,70,75,26.46
33,Hermanus,ZA,2022-06-21 14:51:10,-34.4187,19.2345,59.81,75,100,10.51
34,Morant Bay,JM,2022-06-21 14:50:37,17.8815,-76.4093,85.71,70,100,9.53
35,Bredasdorp,ZA,2022-06-21 14:51:10,-34.5322,20.0403,60.98,82,100,9.53
36,Butka,RU,2022-06-21 14:51:12,56.7179,63.7866,55.36,89,100,10.56
37,Clyde River,CA,2022-06-21 14:51:12,70.4692,-68.5914,46.63,71,40,12.66
38,Bethel,US,2022-06-21 14:51:13,41.3712,-73.414,74.39,57,0,0.0
39,Ormara,PK,2022-06-21 14:52:13,25.2088,64.6357,83.5,86,0,25.34
40,Yurino,RU,2022-06-21 14:52:13,56.2942,46.3039,65.07,64,82,5.97
41,Inirida,CO,2022-06-21 14:52:14,3.8653,-67.9239,77.58,80,99,1.95
42,Jawad,IN,2022-06-21 14:52:14,24.6,74.85,90.43,39,23,13.31
43,Fairbanks,US,2022-06-21 14:52:14,64.8378,-147.7164,54.3,93,75,4.61
44,Port Hardy,CA,2022-06-21 14:52:15,50.6996,-127.4199,55.58,100,100,3.44
45,Marawi,PH,2022-06-21 14:52:16,7.9986,124.2928,68.67,95,100,3.13
46,Itirucu,BR,2022-06-21 14:52:16,-13.5317,-40.1503,70.75,63,94,8.97
47,Deer Lake,CA,2022-06-21 14:52:17,49.1667,-57.4316,51.66,82,75,11.5
48,Kiunga,PG,2022-06-21 14:52:17,-6.1219,141.2906,72.09,99,54,1.1
49,Castro,BR,2022-06-21 14:52:18,-24.7911,-50.0119,70.81,64,21,10.0
50,Carnarvon,AU,2022-06-21 14:52:18,-24.8667,113.6333,59.07,94,0,5.75
51,Indramayu,ID,2022-06-21 14:52:18,-6.3264,108.32,80.46,77,100,10.18
52,Chekhov,RU,2022-06-21 14:52:20,55.1431,37.4711,62.85,79,100,3.89
53,Yellowknife,CA,2022-06-21 14:50:21,62.456,-114.3525,64.92,48,40,5.75
54,Hobart,AU,2022-06-21 14:48:06,-42.8794,147.3294,47.23,85,7,3.44
55,Kurayoshi,JP,2022-06-21 14:52:20,35.4333,133.8167,71.74,93,50,4.29
56,Lavrentiya,RU,2022-06-21 14:52:21,65.5833,-171.0,40.78,96,100,13.49
57,Avarua,CK,2022-06-21 14:50:12,-21.2078,-159.775,78.85,89,40,9.22
58,Dikson,RU,2022-06-21 14:52:21,73.5069,80.5464,32.56,96,100,14.92
59,Broome,US,2022-06-21 14:52:22,42.2506,-75.833,69.19,69,75,4.61
60,Asau,RO,2022-06-21 14:52:22,46.4333,26.4,76.28,35,7,13.29
61,Kondinskoye,RU,2022-06-21 14:52:23,59.6481,67.41,66.6,88,19,9.89
62,Tirschenreuth,DE,2022-06-21 14:52:23,49.8825,12.3331,77.49,31,82,1.99
63,Saskylakh,RU,2022-06-21 14:52:23,71.9167,114.0833,49.14,93,100,8.01
64,Sharjah,AE,2022-06-21 14:52:24,25.3573,55.4033,100.69,25,0,9.22
65,San Cristobal,VE,2022-06-21 14:52:24,7.7669,-72.225,75.38,57,48,7.49
66,Hasaki,JP,2022-06-21 14:52:24,35.7333,140.8333,72.28,92,100,7.63
67,Anchorage,US,2022-06-21 14:52:25,61.2181,-149.9003,55.56,74,75,4.61
68,Cockburn Town,TC,2022-06-21 14:50:55,21.4612,-71.1419,80.98,77,100,12.28
69,Rafaela,AR,2022-06-21 14:51:33,-31.2503,-61.4867,56.98,38,38,5.99
70,Ayr,GB,2022-06-21 14:52:25,55.4627,-4.6339,68.31,82,75,11.5
71,Bubaque,GW,2022-06-21 14:52:26,11.2833,-15.8333,81.82,74,42,10.09
72,Airai,TL,2022-06-21 14:52:26,-8.9266,125.4092,57.42,91,91,4.18
73,Fairlie,GB,2022-06-21 14:52:26,55.756,-4.8556,68.22,86,92,7.92
74,Kupang,ID,2022-06-21 14:52:27,-10.1667,123.5833,78.78,73,84,14.34
75,Berlevag,NO,2022-06-21 14:52:27,70.8578,29.0864,66.2,51,100,13.8
76,Saint-Philippe,RE,2022-06-21 14:52:28,-21.3585,55.7679,65.79,71,63,10.4
77,Atar,MR,2022-06-21 14:52:28,20.5169,-13.0499,91.89,41,16,5.48
78,Barrow,US,2022-06-21 14:51:09,71.2906,-156.7887,48.22,81,100,4.61
79,Rio Verde De Mato Grosso,BR,2022-06-21 14:52:28,-18.9181,-54.8442,85.28,38,2,8.97
80,Pangody,RU,2022-06-21 14:52:29,65.85,74.4859,73.44,54,84,4.83
81,Bluff,NZ,2022-06-21 14:52:29,-46.6,168.3333,29.8,81,1,6.87
82,Requena,ES,2022-06-21 14:52:30,39.4883,-1.1004,76.78,44,100,3.31
83,Dubrovnik,HR,2022-06-21 14:52:30,42.6481,18.0922,78.44,69,0,6.91
84,Lompoc,US,2022-06-21 14:50:14,34.6391,-120.4579,73.58,78,0,0.0
85,Vanavara,RU,2022-06-21 14:53:31,60.34,102.2797,53.47,69,22,4.47
86,Tacna,PE,2022-06-21 14:51:29,-18.0056,-70.2483,56.3,87,100,4.61
87,Nouadhibou,MR,2022-06-21 14:53:31,20.931,-17.0347,82.38,69,20,10.36
88,Artyom,AZ,2022-06-21 14:53:32,40.4723,50.333,82.54,47,0,8.52
89,Sitka,US,2022-06-21 14:49:20,57.0531,-135.33,49.89,81,75,3.44
90,Anqiu,CN,2022-06-21 14:53:32,36.4342,119.1925,78.19,58,15,9.28
91,Fujin,CN,2022-06-21 14:53:33,47.26,132.0322,66.15,91,98,10.71
92,Ust-Maya,RU,2022-06-21 14:53:33,60.4167,134.5333,65.14,72,100,2.48
93,New Norfolk,AU,2022-06-21 14:53:34,-42.7826,147.0587,46.89,83,27,1.01
94,Yar-Sale,RU,2022-06-21 14:53:34,66.8333,70.8333,61.7,80,92,6.87
95,Kyzyl-Suu,KG,2022-06-21 14:53:34,42.3414,78.0056,58.14,79,100,2.86
96,Kawalu,ID,2022-06-21 14:53:35,-7.3817,108.2082,72.57,95,100,0.56
97,Kapaa,US,2022-06-21 14:53:35,22.0752,-159.319,70.48,99,10,10.02
98,Baherden,TM,2022-06-21 14:53:36,38.4362,57.4316,91.94,17,0,11.21
99,Muros,ES,2022-06-21 14:53:36,42.7762,-9.0603,63.68,89,100,3.69
100,Shiyan,CN,2022-06-21 14:53:36,32.6475,110.7781,79.36,80,41,1.86
101,Cape Town,ZA,2022-06-21 14:53:37,-33.9258,18.4232,64.81,66,20,5.75
102,Touros,BR,2022-06-21 14:53:37,-5.1989,-35.4608,82.06,70,80,17.9
103,Ribeira Grande,PT,2022-06-21 14:53:38,38.5167,-28.7,66.6,77,40,16.11
104,Ponta Do Sol,PT,2022-06-21 14:53:38,32.6667,-17.1,72.23,62,34,2.24
105,Sanwer,IN,2022-06-21 14:53:39,22.9833,75.8333,79.45,62,85,2.17
106,Dingle,PH,2022-06-21 14:53:39,10.9995,122.6711,76.78,90,99,1.41
107,Kahului,US,2022-06-21 14:52:57,20.8947,-156.47,76.84,68,20,13.8
108,Namatanai,PG,2022-06-21 14:53:39,-3.6667,152.4333,79.21,80,77,5.46
109,Ous,RU,2022-06-21 14:53:40,60.9058,61.5186,63.72,87,100,4.12
110,Esperance,AU,2022-06-21 14:53:40,-33.8667,121.9,58.28,66,100,12.39
111,Inuvik,CA,2022-06-21 14:53:41,68.3499,-133.7218,49.06,63,20,8.05
112,Saqqez,IR,2022-06-21 14:53:41,36.2499,46.2735,85.89,11,0,16.15
113,Puerto Ayora,EC,2022-06-21 14:53:42,-0.7393,-90.3518,71.56,94,88,8.01
114,Gazojak,TM,2022-06-21 14:53:42,41.1875,61.4036,89.49,16,2,12.71
115,Port Blair,IN,2022-06-21 14:50:54,11.6667,92.75,82.44,78,75,5.75
116,Norman Wells,CA,2022-06-21 14:49:59,65.282,-126.8329,55.44,94,100,4.61
117,Kushmurun,KZ,2022-06-21 14:53:43,52.4503,64.6311,66.25,55,98,8.59
118,Alice Springs,AU,2022-06-21 14:53:43,-23.7,133.8833,45.95,71,0,0.0
119,Atuona,PF,2022-06-21 14:53:43,-9.8,-139.0333,77.81,77,89,23.44
120,Along,IN,2022-06-21 14:53:44,28.1667,94.7667,74.5,99,75,0.51
121,Morondava,MG,2022-06-21 14:53:44,-20.2833,44.2833,75.81,62,0,15.14
122,Kodiak,US,2022-06-21 14:53:44,57.79,-152.4072,51.71,77,35,7.16
123,Kindu,CD,2022-06-21 14:53:45,-2.95,25.95,87.85,46,86,1.59
124,Laguna,US,2022-06-21 14:49:03,38.421,-121.4238,82.29,48,0,6.91
125,Impfondo,CG,2022-06-21 14:53:46,1.6381,18.0667,85.06,59,59,3.42
126,Baktaloranthaza,HU,2022-06-21 14:53:46,48.0,22.0833,77.63,28,21,16.51
127,Souillac,MU,2022-06-21 14:53:46,-20.5167,57.5167,70.18,64,20,6.91
128,Astana,KZ,2022-06-21 14:50:57,51.1801,71.446,64.35,88,75,8.95
129,Sindor,RU,2022-06-21 14:53:47,62.8629,51.8905,56.86,85,100,7.27
130,Ilulissat,GL,2022-06-21 14:54:47,69.2167,-51.1,33.94,93,100,5.75
131,Osorno,CL,2022-06-21 14:54:47,-40.5667,-73.15,44.26,81,0,0.0
132,Mengyin,CN,2022-06-21 14:54:48,35.7069,117.9264,78.98,54,17,5.53
133,Cooma,AU,2022-06-21 14:54:48,-36.2333,149.1333,33.6,92,1,2.98
134,Mar Del Plata,AR,2022-06-21 14:53:54,-38.0023,-57.5575,53.94,61,20,13.8
135,Geraldton,AU,2022-06-21 14:54:48,-28.7667,114.6,55.81,94,0,8.05
136,Agadir,MA,2022-06-21 14:54:49,30.4202,-9.5982,79.25,60,17,8.23
137,Alta Floresta,BR,2022-06-21 14:54:49,-9.8756,-56.0861,93.02,38,0,10.36
138,Khatanga,RU,2022-06-21 14:54:50,71.9667,102.5,50.61,76,100,11.18
139,Kinston,US,2022-06-21 14:54:50,35.2627,-77.5816,82.17,57,75,3.44
140,Isangel,VU,2022-06-21 14:54:50,-19.55,169.2667,70.54,67,75,11.18
141,Wanning,CN,2022-06-21 14:54:51,18.8003,110.3967,82.13,93,100,10.54
142,Yerbogachen,RU,2022-06-21 14:54:51,61.2767,108.0108,51.64,60,3,2.82
143,Bathsheba,BB,2022-06-21 14:54:51,13.2167,-59.5167,84.81,74,20,16.11
144,Codrington,AU,2022-06-21 14:54:52,-38.2667,141.9667,54.19,86,85,14.07
145,Iskateley,RU,2022-06-21 14:54:52,67.6803,53.1512,45.54,70,62,18.41
146,Talara,PE,2022-06-21 14:54:52,-4.5772,-81.2719,66.96,77,0,24.16
147,Goderich,CA,2022-06-21 14:49:54,43.7501,-81.7165,69.91,86,1,11.12
148,Labuhan,ID,2022-06-21 14:54:53,-6.8844,112.2051,79.07,81,55,8.1
149,Port Elizabeth,ZA,2022-06-21 14:54:53,-33.918,25.5701,65.1,86,0,6.91
150,Kaitangata,NZ,2022-06-21 14:54:54,-46.2817,169.8464,35.29,89,0,3.91
151,Victor Harbor,AU,2022-06-21 14:54:54,-35.5667,138.6167,56.68,93,6,8.12
152,Sungaipenuh,ID,2022-06-21 14:54:54,-2.0833,101.3833,65.25,97,100,0.87
153,Kavieng,PG,2022-06-21 14:54:54,-2.5744,150.7967,81.12,78,40,9.19
154,Lebu,CL,2022-06-21 14:54:55,-37.6167,-73.65,51.64,84,100,4.72
155,Port Alfred,ZA,2022-06-21 14:54:12,-33.5906,26.891,63.18,82,100,1.99
156,Beringovskiy,RU,2022-06-21 14:54:55,63.05,179.3167,44.94,81,69,8.16
157,Caravelas,BR,2022-06-21 14:54:56,-17.7125,-39.2481,78.19,65,36,5.64
158,Hilo,US,2022-06-21 14:54:56,19.7297,-155.09,70.29,66,3,3.15
159,Tuatapere,NZ,2022-06-21 14:54:56,-46.1333,167.6833,37.45,83,0,4.18
160,Tuktoyaktuk,CA,2022-06-21 14:54:57,69.4541,-133.0374,33.8,86,20,9.22
161,Bonthe,SL,2022-06-21 14:54:57,7.5264,-12.505,82.45,74,100,6.82
162,Mitsamiouli,KM,2022-06-21 14:54:57,-11.3847,43.2844,77.43,73,82,13.49
163,Trincomalee,LK,2022-06-21 14:54:58,8.5711,81.2335,82.78,72,100,17.78
164,Bor,RU,2022-06-21 14:54:58,56.3567,44.0669,60.73,66,67,5.19
165,Beberibe,BR,2022-06-21 14:54:58,-4.1797,-38.1306,83.57,62,100,14.61
166,Guasdualito,VE,2022-06-21 14:54:59,7.2424,-70.7324,78.76,100,40,3.44
167,Cabo San Lucas,MX,2022-06-21 14:50:31,22.8909,-109.9124,82.62,72,8,7.0
168,Thompson,CA,2022-06-21 14:55:00,55.7435,-97.8558,53.76,66,40,12.66
169,Tiksi,RU,2022-06-21 14:55:00,71.6872,128.8694,45.03,83,100,12.28
170,Alofi,NU,2022-06-21 14:55:00,-19.0595,-169.9187,69.69,100,60,3.44
171,Mascota,MX,2022-06-21 14:55:01,20.5167,-104.7833,66.31,73,88,1.61
172,Ayan,RU,2022-06-21 14:55:01,56.45,138.1667,48.52,88,1,6.46
173,Hithadhoo,MV,2022-06-21 14:56:01,-0.6,73.0833,83.98,71,69,10.89
174,Kaa-Khem,RU,2022-06-21 14:56:02,51.6833,94.7333,64.89,53,78,5.08
175,Cidreira,BR,2022-06-21 14:56:02,-30.1811,-50.2056,63.19,81,100,5.57
176,Baker City,US,2022-06-21 14:56:02,44.7749,-117.8344,55.18,61,4,1.68
177,Trinidad,BO,2022-06-21 14:56:03,-14.8333,-64.9,80.58,74,83,10.36
178,Leeton,AU,2022-06-21 14:56:03,-34.5667,146.4,42.89,100,11,0.0
179,Seydi,TM,2022-06-21 14:56:03,39.4816,62.9137,87.51,14,1,9.66
180,Teguldet,RU,2022-06-21 14:56:04,57.3064,88.1667,61.84,92,70,4.79
181,Basco,PH,2022-06-21 14:56:04,20.4487,121.9702,85.51,76,16,12.06
182,Portland,US,2022-06-21 14:53:56,45.5234,-122.6762,59.74,88,100,1.99
183,Luwingu,ZM,2022-06-21 14:56:05,-10.2621,29.9271,71.49,28,6,6.67
184,Faanui,PF,2022-06-21 14:56:05,-16.4833,-151.75,79.79,77,34,14.94
185,Nome,US,2022-06-21 14:55:49,64.5011,-165.4064,43.16,89,100,7.7
186,Wilmington,US,2022-06-21 14:52:08,34.2257,-77.9447,80.91,50,0,4.61
187,Taxiarkhis,GR,2022-06-21 14:56:06,40.4333,23.5167,87.26,40,0,11.45
188,Rincon,US,2022-06-21 14:53:45,32.296,-81.2354,85.86,62,84,4.27
189,Shizunai,JP,2022-06-21 14:51:20,42.3339,142.3669,58.01,94,100,7.9
190,Kumluca,TR,2022-06-21 14:56:06,36.3703,30.2869,84.31,43,2,1.07
191,Baoqing,CN,2022-06-21 14:56:07,46.3317,132.2111,64.65,95,100,7.74
192,Tarancon,ES,2022-06-21 14:56:07,40.0085,-3.0073,82.58,15,100,12.1
193,Iisalmi,FI,2022-06-21 14:56:07,63.5592,27.1907,65.86,44,78,2.93
194,Denpasar,ID,2022-06-21 14:56:09,-8.65,115.2167,80.26,78,20,10.36
195,Cherskiy,RU,2022-06-21 14:56:09,68.75,161.3,37.92,59,90,3.18
196,Saint Anthony,US,2022-06-21 14:55:43,45.0205,-93.218,79.79,77,36,3.0
197,Nador,MA,2022-06-21 14:56:10,35.174,-2.9287,86.07,44,0,14.97
198,Powell River,CA,2022-06-21 14:56:10,49.8496,-124.5361,60.19,100,100,10.36
199,Saldanha,ZA,2022-06-21 14:56:10,-33.0117,17.9442,66.25,66,98,3.91
200,Maymyo,MM,2022-06-21 14:56:11,22.0333,96.4667,67.28,93,100,3.18
201,Kashmor,PK,2022-06-21 14:56:11,28.4333,69.5833,88.83,44,0,20.09
202,Novyy Urengoy,RU,2022-06-21 14:56:12,66.0833,76.6333,79.92,37,60,15.73
203,Bajil,YE,2022-06-21 14:56:12,15.0584,43.2851,95.68,35,65,17.02
204,Katsuura,JP,2022-06-21 14:56:12,35.1333,140.3,71.62,98,100,10.56
205,Sioux Lookout,CA,2022-06-21 14:56:13,50.1001,-91.917,68.07,100,100,6.91
206,Upernavik,GL,2022-06-21 14:56:13,72.7868,-56.1549,34.34,99,100,2.39
207,Balykshi,KZ,2022-06-21 14:56:13,47.0667,51.8667,84.2,34,40,20.13
208,Qaanaaq,GL,2022-06-21 14:56:14,77.484,-69.3632,38.43,70,9,4.05
209,Hofn,IS,2022-06-21 14:56:14,64.2539,-15.2082,47.75,86,100,10.78
210,Makakilo City,US,2022-06-21 14:56:15,21.3469,-158.0858,74.01,73,5,11.21
211,Tsiroanomandidy,MG,2022-06-21 14:56:15,-18.7667,46.0333,65.41,39,0,3.65
212,Bambous Virieux,MU,2022-06-21 14:56:15,-20.3428,57.7575,70.05,64,20,6.91
213,Slave Lake,CA,2022-06-21 14:56:16,55.2834,-114.769,53.58,87,75,3.44
214,Tiznit,MA,2022-06-21 14:56:16,29.5833,-9.5,75.81,54,47,10.33
215,Burns Lake,CA,2022-06-21 14:56:17,54.2331,-125.7533,49.42,97,100,1.95
216,Xining,CN,2022-06-21 14:52:48,36.6167,101.7667,61.97,71,100,4.56
217,Katakwi,UG,2022-06-21 14:56:17,1.8911,33.9661,74.39,65,92,4.52
218,Grand-Lahou,CI,2022-06-21 14:56:17,5.1367,-5.0242,80.71,76,77,7.4
219,Tracy,US,2022-06-21 14:56:18,37.7397,-121.4252,77.7,33,0,8.01
220,Taoudenni,ML,2022-06-21 14:56:18,22.6783,-3.9836,109.13,12,3,5.1
221,Bronnoysund,NO,2022-06-21 14:56:18,65.4625,12.1997,48.2,87,75,5.99
222,Arraial Do Cabo,BR,2022-06-21 14:57:20,-22.9661,-42.0278,76.96,73,40,16.11
223,Half Moon Bay,US,2022-06-21 14:53:02,37.4636,-122.4286,77.25,60,0,0.0
224,Kanniyakumari,IN,2022-06-21 14:57:20,8.0833,77.5667,80.46,79,100,21.56
225,Mahon,ES,2022-06-21 14:57:21,39.8885,4.2658,93.76,29,0,9.22
226,Angren,UZ,2022-06-21 14:57:21,41.0167,70.1436,67.17,60,84,2.55
227,Matozinhos,BR,2022-06-21 14:57:21,-19.5578,-44.0814,73.08,60,20,6.91
228,Pevek,RU,2022-06-21 14:57:22,69.7008,170.3133,26.76,96,86,5.3
229,Wenatchee,US,2022-06-21 14:57:22,47.4235,-120.3103,64.98,58,79,3.0
230,Westport,US,2022-06-21 14:54:06,41.1415,-73.3579,79.18,68,100,1.01
231,Muravlenko,RU,2022-06-21 14:57:23,63.7898,74.523,72.59,54,71,11.41
232,Nandu,CN,2022-06-21 14:57:23,22.8525,110.8233,79.5,90,100,3.31
233,Port-Gentil,GA,2022-06-21 14:57:23,-0.7193,8.7815,78.76,73,20,18.41
234,Cap Malheureux,MU,2022-06-21 14:57:24,-19.9842,57.6142,71.69,58,0,13.89
235,Kita,ML,2022-06-21 14:57:24,13.0349,-9.4895,97.65,28,79,6.98
236,Aksu,CN,2022-06-21 14:57:24,41.1231,80.2644,81.57,22,100,6.85
237,Nanortalik,GL,2022-06-21 14:57:25,60.1432,-45.2371,40.21,81,31,18.45
238,Picos,BR,2022-06-21 14:57:25,-7.0769,-41.4669,86.68,45,95,13.73
239,Honningsvag,NO,2022-06-21 14:57:26,70.9821,25.9704,55.15,58,0,10.36
240,Humberto De Campos,BR,2022-06-21 14:57:26,-2.5983,-43.4611,85.69,59,76,7.27
241,Marienburg,PL,2022-06-21 14:57:27,54.0359,19.0266,68.11,59,48,16.04
242,Nimbahera,IN,2022-06-21 14:57:27,24.6167,74.6833,90.86,38,44,13.15
243,Constitucion,CL,2022-06-21 14:57:27,-35.3333,-72.4167,54.57,76,100,12.26
244,Vilyuysk,RU,2022-06-21 14:57:28,63.7553,121.6247,52.54,43,100,4.34
245,Breytovo,RU,2022-06-21 14:57:28,58.2993,37.8617,60.64,69,13,6.4
246,Leshukonskoye,RU,2022-06-21 14:57:29,64.8989,45.7622,56.57,60,100,8.03
247,Piranshahr,IR,2022-06-21 14:57:29,36.701,45.1413,82.81,18,0,10.2
248,Vanimo,PG,2022-06-21 14:57:29,-2.6741,141.3028,77.79,83,39,3.33
249,Coahuayana,MX,2022-06-21 14:57:30,18.7333,-103.6833,86.36,66,100,0.76
250,Okhotsk,RU,2022-06-21 14:57:30,59.3833,143.3,44.55,95,100,7.09
251,Aliwal North,ZA,2022-06-21 14:54:13,-30.6937,26.7114,59.94,39,61,1.54
252,Kieta,PG,2022-06-21 14:57:30,-6.2167,155.6333,78.13,83,25,4.47
253,Ozernovskiy,RU,2022-06-21 14:57:31,51.5,156.5167,45.54,95,86,2.1
254,Gondar,ET,2022-06-21 14:57:31,12.6,37.4667,64.69,68,83,10.2
255,Roald,NO,2022-06-21 14:57:31,62.5833,6.1333,52.32,76,75,4.61
256,Marquette,US,2022-06-21 14:57:32,46.5333,-87.6335,83.82,62,100,13.02
257,Leh,IN,2022-06-21 14:57:32,34.1667,77.5833,56.12,46,100,6.6
258,Buala,SB,2022-06-21 14:57:32,-8.145,159.5921,79.05,82,8,5.41
259,Santiago,CL,2022-06-21 14:55:20,-33.4569,-70.6483,52.86,69,75,3.44
260,Reconquista,AR,2022-06-21 14:57:33,-29.15,-59.65,59.7,84,87,8.43
261,Praia Da Vitoria,PT,2022-06-21 14:57:33,38.7333,-27.0667,68.76,82,75,16.75
262,Tungor,RU,2022-06-21 14:57:34,53.3808,142.9564,46.09,97,4,14.61
263,Las Palmas,ES,2022-06-21 14:57:34,28.4204,-14.0131,74.19,65,20,17.27
264,Leningradskiy,RU,2022-06-21 14:57:34,69.3833,178.4167,33.87,93,100,13.62
265,San Andres,CO,2022-06-21 14:56:38,12.5847,-81.7006,84.22,79,75,10.36
266,Ubala,CO,2022-06-21 14:57:35,4.7478,-72.5369,73.53,89,91,2.64
267,Rimouski,CA,2022-06-21 14:55:39,48.4488,-68.524,51.98,63,5,8.21
268,Panguna,PG,2022-06-21 14:58:35,-6.3164,155.4848,66.96,95,31,1.68
269,Nikolskoye,RU,2022-06-21 14:58:35,59.7035,30.7861,64.29,46,14,9.53
270,Fort Nelson,CA,2022-06-21 14:58:36,58.8053,-122.7002,56.79,72,75,2.3
271,Florianopolis,BR,2022-06-21 14:54:11,-27.6146,-48.5012,64.13,96,100,13.8
272,Jalu,LY,2022-06-21 14:58:36,29.0331,21.5482,99.91,15,0,12.1
273,Ahipara,NZ,2022-06-21 14:58:37,-35.1667,173.1667,48.72,84,90,7.02
274,Saint George,US,2022-06-21 14:55:53,37.1041,-113.5841,76.78,17,0,6.91
275,Mpika,ZM,2022-06-21 14:58:37,-11.8343,31.4529,63.14,52,0,7.02
276,Taltal,CL,2022-06-21 14:58:38,-25.4,-70.4833,57.69,63,13,4.47
277,Chokurdakh,RU,2022-06-21 14:58:38,70.6333,147.9167,42.84,41,6,5.46
278,Dwarka,IN,2022-06-21 14:59:53,22.2394,68.9678,84.51,80,30,20.45
279,Henties Bay,NA,2022-06-21 14:59:54,-22.116,14.2845,59.18,68,0,7.25
280,Montoro,ES,2022-06-21 14:59:54,38.0241,-4.3834,82.98,11,92,16.78
281,Pangkalanbuun,ID,2022-06-21 14:59:54,-2.6833,111.6167,74.07,94,100,2.37
282,Guerrero Negro,MX,2022-06-21 14:56:22,27.9769,-114.0611,72.77,55,97,1.14
283,Chibombo,ZM,2022-06-21 14:59:55,-14.6569,28.0706,67.44,41,4,9.91
284,Mikhaylovka,RU,2022-06-21 14:59:55,50.06,43.2379,87.78,42,0,9.08
285,Chuy,UY,2022-06-21 14:59:55,-33.6971,-53.4616,52.75,82,100,5.03
286,Klaksvik,FO,2022-06-21 14:59:56,62.2266,-6.589,49.12,77,97,12.15
287,Caconda,AO,2022-06-21 14:59:56,-13.7333,15.0667,74.03,15,0,11.1
288,Lusambo,CD,2022-06-21 14:59:56,-4.9667,23.45,91.47,30,65,3.6
289,Sauk Rapids,US,2022-06-21 14:59:57,45.5919,-94.1661,75.06,73,4,7.0
290,Coihaique,CL,2022-06-21 14:59:57,-45.5752,-72.0662,22.95,93,0,0.0
291,Darhan,MN,2022-06-21 14:59:58,49.4867,105.9228,60.04,85,52,3.53
292,Kodinsk,RU,2022-06-21 14:59:58,58.6881,99.1844,57.24,53,47,4.03
293,Nemuro,JP,2022-06-21 14:59:58,43.3236,145.575,49.41,93,38,8.39
294,Victoria,HK,2022-06-21 14:59:39,22.2855,114.1577,85.32,83,100,14.0
295,Moerai,PF,2022-06-21 14:59:59,-22.4333,-151.3333,76.69,76,90,10.71
296,Korla,CN,2022-06-21 14:59:59,41.7597,86.1469,83.84,19,97,8.48
297,Talcahuano,CL,2022-06-21 14:59:59,-36.7167,-73.1167,49.68,87,75,6.91
298,Murray Bridge,AU,2022-06-21 15:00:00,-35.1167,139.2667,57.13,91,13,7.76
299,Descalvado,BR,2022-06-21 15:00:00,-21.9039,-47.6194,74.28,42,0,7.99
300,Sao Filipe,CV,2022-06-21 15:00:01,14.8961,-24.4956,75.81,88,71,1.32
301,Cardston,CA,2022-06-21 14:59:18,49.2,-113.3019,57.49,70,33,11.16
302,Tiruchchendur,IN,2022-06-21 15:00:02,8.4833,78.1167,86.27,58,100,12.59
303,Eyl,SO,2022-06-21 15:00:02,7.9803,49.8164,81.68,68,68,29.04
304,Azangaro,PE,2022-06-21 15:00:06,-14.9167,-70.2167,49.73,46,58,5.17
305,Paracuaro,MX,2022-06-21 15:00:07,20.15,-100.7667,64.85,51,79,5.57
306,Lasa,IT,2022-06-21 15:00:08,46.6166,10.7002,68.68,79,100,2.17
307,Turtas,RU,2022-06-21 15:00:11,58.9417,69.1325,64.8,94,47,10.89
308,San Policarpo,PH,2022-06-21 15:00:12,12.1791,125.5072,81.5,79,100,6.44
309,Srednekolymsk,RU,2022-06-21 15:00:14,67.45,153.6833,47.39,50,100,3.0
310,Yumen,CN,2022-06-21 15:00:15,40.2833,97.2,73.78,28,41,4.21
311,Hambantota,LK,2022-06-21 15:00:17,6.1241,81.1185,82.74,83,20,5.75
312,Haapiti,PF,2022-06-21 15:00:18,-17.5667,-149.8667,71.33,74,11,8.55
313,Bowen,AU,2022-06-21 15:00:20,-20.0167,148.2333,65.62,86,93,12.57
314,Middelburg,ZA,2022-06-21 14:58:16,-25.7751,29.4648,60.85,39,1,5.66
315,Shimoda,JP,2022-06-21 15:00:21,34.6667,138.95,71.1,98,100,12.5
316,Moose Factory,CA,2022-06-21 15:01:21,51.2585,-80.6094,69.78,88,40,5.75
317,Vostok,RU,2022-06-21 15:01:21,46.4856,135.8833,55.47,98,100,4.09
318,Ostrovnoy,RU,2022-06-21 15:01:22,68.0531,39.5131,42.62,87,97,6.22
319,Severo-Yeniseyskiy,RU,2022-06-21 15:01:22,60.3725,93.0408,59.5,54,6,4.81
320,Puerto Quijarro,BO,2022-06-21 15:01:23,-17.7833,-57.7667,88.3,37,5,6.4
321,Mmathubudukwane,BW,2022-06-21 15:01:23,-24.6,26.4333,68.47,38,0,12.21
322,El Alto,PE,2022-06-21 15:01:24,-4.2714,-81.2147,67.6,69,100,9.01
323,Rocha,UY,2022-06-21 15:01:24,-34.4833,-54.3333,56.3,55,88,4.34
324,Karasburg,NA,2022-06-21 15:01:24,-28.0167,18.75,57.67,48,93,18.16
325,Saint-Pierre,RE,2022-06-21 15:01:25,-21.3393,55.4781,67.91,72,20,4.61
326,Bocas Del Toro,PA,2022-06-21 15:01:25,9.3333,-82.25,80.38,79,100,7.27
327,Vila Velha,BR,2022-06-21 14:56:52,-20.3297,-40.2925,78.75,75,40,4.61
328,Bongandanga,CD,2022-06-21 15:01:26,1.5,21.05,78.19,75,92,1.83
329,Chernyshevskiy,RU,2022-06-21 15:01:26,63.0128,112.4714,51.64,49,98,1.1
330,Pafos,CY,2022-06-21 14:59:00,34.7667,32.4167,76.78,73,40,14.97
331,Erenhot,CN,2022-06-21 15:01:26,43.6475,111.9767,63.91,58,81,6.6
332,Sterling,US,2022-06-21 15:01:27,39.0062,-77.4286,78.4,57,100,6.91
333,Poum,NC,2022-06-21 15:01:28,-20.2333,164.0167,71.8,68,82,14.09
334,Miles City,US,2022-06-21 15:01:28,46.4083,-105.8406,58.17,82,100,19.57
335,Vyshkovo,UA,2022-06-21 15:01:29,48.0491,23.4211,78.69,38,30,9.62
336,Palimbang,PH,2022-06-21 15:01:30,6.2106,124.1894,77.9,85,100,6.17
337,Harper,LR,2022-06-21 15:01:31,4.375,-7.7169,75.58,89,100,7.07
338,Maraba,BR,2022-06-21 15:00:46,-5.3686,-49.1178,87.15,48,2,4.74
339,Baykit,RU,2022-06-21 15:01:32,61.67,96.37,60.35,59,3,4.07
340,Shingu,JP,2022-06-21 15:01:32,33.7333,135.9833,74.16,96,100,6.62
341,Hungund,IN,2022-06-21 15:01:33,16.0667,76.05,76.24,72,99,18.07
342,Longyearbyen,SJ,2022-06-21 15:00:47,78.2186,15.6401,48.04,66,75,25.32
343,Hamilton,US,2022-06-21 14:57:34,39.1834,-84.5333,84.25,57,59,1.01
344,Alacranes,CU,2022-06-21 15:01:33,22.7675,-81.5675,85.69,64,39,9.8
345,Bonfim,BR,2022-06-21 15:01:34,3.0833,-59.95,82.85,70,44,3.2
346,Ipixuna,BR,2022-06-21 15:01:34,-1.7625,-48.8043,89.73,49,55,3.4
347,Meulaboh,ID,2022-06-21 15:01:34,4.1363,96.1285,76.8,87,100,4.36
348,Sahbuz,AZ,2022-06-21 15:01:35,39.4072,45.5739,94.6,31,0,4.52
349,Biloela,AU,2022-06-21 15:01:35,-24.4167,150.5,53.02,77,62,2.48
350,Tecoanapa,MX,2022-06-21 15:01:35,16.5167,-98.75,80.8,81,100,2.28
351,Kochkurovo,RU,2022-06-21 15:01:36,54.0358,45.4184,55.06,94,100,5.19
352,Dalbandin,PK,2022-06-21 15:01:36,28.8947,64.4101,87.66,9,0,20.47
353,Bambanglipuro,ID,2022-06-21 15:01:36,-7.95,110.2833,78.22,80,100,10.63
354,Chabahar,IR,2022-06-21 15:01:37,25.2919,60.643,84.11,86,0,5.59
355,Chara,RU,2022-06-21 15:01:37,56.9064,118.2631,49.46,94,100,4.18
356,Pimentel,PE,2022-06-21 15:01:37,-6.8367,-79.9342,64.83,79,99,10.98
357,Amapa,BR,2022-06-21 15:01:38,1.0,-52.0,86.79,54,48,4.63
358,Grindavik,IS,2022-06-21 15:01:38,63.8424,-22.4338,49.95,100,100,26.46
359,Prince George,CA,2022-06-21 14:57:55,53.9166,-122.753,55.26,83,0,5.75
360,Minas,UY,2022-06-21 15:01:38,-34.3759,-55.2377,58.28,48,78,7.25
361,Bridlington,GB,2022-06-21 15:01:39,54.0831,-0.1919,66.52,69,76,9.57
362,Yenagoa,NG,2022-06-21 15:02:39,4.9247,6.2642,81.1,78,65,7.56
363,Kjollefjord,NO,2022-06-21 15:02:40,70.9457,27.3465,66.02,45,100,17.27
364,Marsh Harbour,BS,2022-06-21 15:00:00,26.5412,-77.0636,80.15,65,100,12.64
365,Lorengau,PG,2022-06-21 15:02:40,-2.0226,147.2712,80.83,75,100,3.67
366,Barao De Melgaco,BR,2022-06-21 15:02:40,-16.1944,-55.9675,89.19,32,27,6.22
367,Rovaniemi,FI,2022-06-21 15:01:53,66.5,25.7167,67.41,48,40,11.5
368,Bazarnyye Mataki,RU,2022-06-21 15:02:41,54.8833,49.9333,61.03,77,99,8.81
369,Kuching,MY,2022-06-21 15:02:41,1.55,110.3333,80.82,83,40,5.01
370,Bengkulu,ID,2022-06-21 15:02:42,-3.8004,102.2655,74.75,93,100,6.58
371,Totness,SR,2022-06-21 15:02:42,5.8833,-56.3167,83.41,71,54,4.43
372,Kermanshah,IR,2022-06-21 15:02:42,34.3142,47.065,94.1,3,0,21.85
373,Dunedin,NZ,2022-06-21 14:58:53,-45.8742,170.5036,42.8,80,0,1.99
374,Ugoofaaru,MV,2022-06-21 15:02:43,5.6667,73.0,83.08,75,100,13.94
375,Ambon,ID,2022-06-21 15:02:43,-3.6954,128.1814,77.23,15,20,4.61
376,Havelock,US,2022-06-21 15:02:43,34.8791,-76.9013,84.97,55,76,5.01
377,Los Llanos De Aridane,ES,2022-06-21 15:02:44,28.6585,-17.9182,69.12,79,75,11.5
378,Rexburg,US,2022-06-21 15:02:44,43.826,-111.7897,57.42,62,0,4.61
379,Robe,AU,2022-06-21 15:02:45,-37.1833,139.75,57.69,83,28,14.2
380,Novorzhev,RU,2022-06-21 15:02:45,57.0294,29.3338,64.6,63,100,7.94
381,Scarborough,GB,2022-06-21 14:59:02,54.2797,-0.4044,66.16,67,100,1.01
382,Yaransk,RU,2022-06-21 15:02:45,57.3033,47.8861,61.57,81,18,6.53
383,Hami,CN,2022-06-21 15:02:46,42.8,93.45,86.11,15,2,5.21
384,Cuamba,MZ,2022-06-21 15:02:46,-14.8031,36.5372,71.04,44,21,8.7
385,Ballina,AU,2022-06-21 15:02:47,-28.8667,153.5667,53.02,99,0,5.86
386,Neuquen,AR,2022-06-21 15:02:47,-38.9516,-68.0591,40.24,44,100,12.37
387,Biak,ID,2022-06-21 15:02:47,-0.9131,122.8766,75.29,86,50,5.99
388,Carupano,VE,2022-06-21 15:02:48,10.6678,-63.2585,81.18,75,95,6.58
389,San Lazaro,BZ,2022-06-21 15:02:48,18.0387,-88.6622,80.65,84,100,11.43
390,Jiayuguan,CN,2022-06-21 15:02:48,39.8167,98.3,72.61,29,49,4.21
391,Vila Franca Do Campo,PT,2022-06-21 15:02:49,37.7167,-25.4333,72.19,74,56,11.34
392,Adelanto,US,2022-06-21 15:02:49,34.5828,-117.4092,83.03,19,1,3.76
393,Mahebourg,MU,2022-06-21 15:02:49,-20.4081,57.7,68.29,68,20,6.91
394,Shirokiy,RU,2022-06-21 15:02:50,49.758,129.523,60.42,97,96,5.61
395,Nadym,RU,2022-06-21 15:02:50,65.5333,72.5167,71.24,69,100,10.6
396,Mwinilunga,ZM,2022-06-21 15:02:50,-11.7358,24.4293,75.97,24,29,6.96
397,Severobaykalsk,RU,2022-06-21 15:02:51,55.65,109.3167,48.74,79,48,8.95
398,Komsomolskiy,UZ,2022-06-21 15:02:51,40.4272,71.7189,74.52,39,90,4.65
399,Sabang,ID,2022-06-21 15:02:51,5.8933,95.3214,81.81,74,98,14.76
400,Pau Dos Ferros,BR,2022-06-21 15:02:52,-6.1125,-38.2063,88.11,41,90,14.05
401,Nisia Floresta,BR,2022-06-21 15:02:52,-6.0911,-35.2086,85.01,67,100,15.79
402,Dicabisagan,PH,2022-06-21 15:02:52,17.0818,122.4157,81.03,85,10,3.51
403,Tateyama,JP,2022-06-21 15:02:53,34.9833,139.8667,72.1,88,100,3.44
404,Yuncheng,CN,2022-06-21 15:02:53,35.0231,110.9928,87.35,43,98,9.13
405,Luderitz,NA,2022-06-21 15:02:53,-26.6481,15.1594,57.88,61,79,15.52
406,Kirando,TZ,2022-06-21 15:02:54,-7.4167,30.6,76.48,44,5,4.32
407,Lagoa,PT,2022-06-21 15:02:54,39.05,-27.9833,63.36,85,82,20.92
408,Savigliano,IT,2022-06-21 15:02:54,44.644,7.6559,90.23,51,40,4.61
409,Tuy Hoa,VN,2022-06-21 15:02:55,13.0833,109.3,78.13,87,100,5.08
410,Mbandaka,CD,2022-06-21 15:03:55,0.0487,18.2603,82.94,59,58,3.24
411,Batagay-Alyta,RU,2022-06-21 15:03:56,67.8006,130.4114,48.81,59,38,1.39
412,Tres Arroyos,AR,2022-06-21 15:03:56,-38.3739,-60.2798,49.32,49,87,14.14
413,Sur,OM,2022-06-21 15:03:56,22.5667,59.5289,94.06,52,38,1.34
414,Kijang,KR,2022-06-21 15:03:56,35.2442,129.2139,72.21,92,23,2.39
415,Camocim,BR,2022-06-21 15:03:57,-2.9022,-40.8411,85.53,57,73,12.68
416,Bud,US,2022-06-21 15:03:57,39.447,-86.1758,85.32,56,7,9.84
417,Pa Sang,TH,2022-06-21 15:03:57,18.5262,98.9394,83.79,69,99,6.67
418,Preobrazheniye,RU,2022-06-21 15:03:58,42.9019,133.9064,59.05,99,100,7.23
419,Igarka,RU,2022-06-21 15:03:58,67.4667,86.5833,73.69,48,46,9.69
420,Hovd,MN,2022-06-21 15:03:58,48.0056,91.6419,73.6,22,47,6.26
421,Chaoyang,CN,2022-06-21 15:03:59,41.5703,120.4586,71.85,82,100,4.88
422,Amazar,RU,2022-06-21 15:03:59,53.858,120.875,57.25,99,100,4.0
423,Severo-Kurilsk,RU,2022-06-21 15:04:00,50.6789,156.125,46.04,92,61,6.8
424,Basoko,CD,2022-06-21 15:04:00,1.2391,23.616,80.55,72,98,1.07
425,Gladstone,AU,2022-06-21 15:00:15,-23.85,151.25,55.33,88,52,5.75
426,Ponta Delgada,PT,2022-06-21 15:04:00,37.7333,-25.6667,72.5,73,40,18.41
427,Xiongyue,CN,2022-06-21 15:04:01,40.1774,122.1228,71.4,94,99,3.62
428,Yichun,CN,2022-06-21 15:04:01,47.7,128.9,63.97,64,70,5.59
429,Rio Gallegos,AR,2022-06-21 15:04:01,-51.6226,-69.2181,35.8,75,31,20.76
430,Kallithea,GR,2022-06-21 15:04:02,37.95,23.7,95.65,40,0,13.8
431,Mountain Home,US,2022-06-21 15:04:02,43.133,-115.6912,62.47,41,1,4.83
432,Rudnogorsk,RU,2022-06-21 15:04:03,57.2639,103.7519,49.26,90,82,1.34
433,Joshimath,IN,2022-06-21 15:04:03,30.5667,79.5667,65.1,81,92,2.24
434,La Plaine,DM,2022-06-21 15:04:03,15.3333,-61.25,80.65,73,100,12.48
435,Beloha,MG,2022-06-21 15:04:04,-25.1667,45.05,66.18,69,5,9.82
436,Vadodara,IN,2022-06-21 15:04:04,22.3,73.2,93.16,55,82,11.5
437,Exu,BR,2022-06-21 15:04:04,-7.5119,-39.7242,71.74,81,100,7.61
438,Haines Junction,CA,2022-06-21 15:04:05,60.7522,-137.5108,48.42,70,20,1.12
439,Mao,ES,2022-06-21 15:04:05,39.8885,4.2658,93.76,29,0,9.22
440,Hocaba,MX,2022-06-21 15:04:06,20.8167,-89.25,84.15,62,79,10.07
441,Comodoro Rivadavia,AR,2022-06-21 14:59:13,-45.8667,-67.5,33.66,55,20,11.5
442,Zhigansk,RU,2022-06-21 15:04:06,66.7697,123.3711,51.44,49,67,0.47
443,Lazaro Cardenas,MX,2022-06-21 15:04:06,17.9583,-102.2,82.81,74,100,3.2
444,San Quintin,MX,2022-06-21 15:04:07,30.4833,-115.95,70.34,63,0,3.11
445,Chimoio,MZ,2022-06-21 15:04:07,-19.1164,33.4833,60.93,72,100,4.18
446,Twentynine Palms,US,2022-06-21 15:04:08,34.1356,-116.0542,87.84,9,0,3.0
447,Annau,TM,2022-06-21 15:04:08,37.8876,58.516,90.05,17,0,9.26
448,Mayfield Heights,US,2022-06-21 15:04:08,41.5192,-81.4579,84.04,49,0,12.66
449,Ariquemes,BR,2022-06-21 15:00:21,-9.9133,-63.0408,88.47,47,29,2.19
450,Dromolaxia,CY,2022-06-21 15:04:09,34.8761,33.586,85.66,59,20,20.71
451,Tukrah,LY,2022-06-21 15:04:09,32.5341,20.5791,78.91,54,0,14.2
452,Talnakh,RU,2022-06-21 15:04:10,69.4865,88.3972,76.41,46,47,3.96
453,Casa Nova,BR,2022-06-21 15:04:10,-9.4167,-41.1333,80.92,55,94,20.74
454,Okuchi,JP,2022-06-21 15:04:10,32.0667,130.6167,71.71,99,100,5.21
455,Hokitika,NZ,2022-06-21 15:04:11,-42.7167,170.9667,42.12,65,0,3.51
456,Laredo,US,2022-06-21 15:00:12,27.5064,-99.5075,86.49,56,2,10.51
457,La Reforma,MX,2022-06-21 15:05:11,25.0833,-108.05,85.41,60,11,2.06
458,Kattivakkam,IN,2022-06-21 15:05:12,13.2167,80.3167,82.49,68,100,9.01
459,Avera,US,2022-06-21 15:05:12,33.194,-82.5271,87.85,33,92,8.37
460,Merei,RO,2022-06-21 15:05:12,45.1333,26.6833,85.15,39,55,18.34
461,Medea,DZ,2022-06-21 15:05:13,36.2642,2.7539,100.22,10,31,22.82
462,Margate,GB,2022-06-21 15:05:13,51.3813,1.3862,71.11,66,100,3.0
463,Ada,US,2022-06-21 15:05:13,43.4166,-116.1262,64.29,55,0,8.99
464,Kalmunai,LK,2022-06-21 15:05:14,7.4167,81.8167,83.21,74,100,1.68
465,Zatoka,UA,2022-06-21 15:05:14,46.0725,30.4654,74.73,69,2,20.74
466,Goure,NE,2022-06-21 15:05:15,13.9835,10.2704,97.88,23,100,5.14
467,Alyangula,AU,2022-06-21 15:00:23,-13.8483,136.4192,73.58,81,91,12.91
468,Caborca,MX,2022-06-21 15:05:15,30.5838,-111.101,81.99,43,98,2.46
469,Alamosa,US,2022-06-21 15:01:29,37.4695,-105.87,57.18,44,0,4.61
470,Cayenne,GF,2022-06-21 15:05:16,4.9333,-52.3333,86.04,32,0,5.75
471,Karaton,ID,2022-06-21 15:05:16,-6.3424,106.1045,74.53,93,70,2.06
472,Sao Miguel Do Iguacu,BR,2022-06-21 15:05:16,-25.3481,-54.2378,72.84,71,5,10.02
473,Paamiut,GL,2022-06-21 15:05:17,61.994,-49.6678,37.76,85,8,17.05
474,La Seyne-Sur-Mer,FR,2022-06-21 15:05:17,43.0982,5.8847,81.91,77,100,5.01
475,Port Augusta,AU,2022-06-21 15:05:17,-32.5,137.7667,55.98,84,82,4.83
476,Russell,US,2022-06-21 15:05:18,32.3502,-85.1999,88.97,36,95,3.83
477,Biltine,TD,2022-06-21 15:05:18,14.5333,20.9167,100.96,18,15,8.34
478,Mocuba,MZ,2022-06-21 15:05:18,-16.8392,36.9856,66.7,89,20,4.9
479,Chililabombwe,ZM,2022-06-21 15:05:19,-12.3648,27.8229,70.0,34,4,5.75
480,Waipawa,NZ,2022-06-21 15:05:19,-41.4122,175.5153,45.16,80,98,6.91
481,Thunder Bay,CA,2022-06-21 15:05:12,48.4001,-89.3168,70.29,75,82,11.95
482,Ixtapa,MX,2022-06-21 15:05:20,20.7,-105.2,80.22,89,100,6.91
483,Northam,GB,2022-06-21 15:05:20,51.0333,-4.2167,69.26,71,95,8.12
484,Egvekinot,RU,2022-06-21 15:05:20,66.3167,-179.1667,34.5,99,100,5.95
485,Virginia Beach,US,2022-06-21 15:05:21,36.8529,-75.978,83.01,41,40,1.01
486,Celestun,MX,2022-06-21 15:05:21,20.8667,-90.4,78.26,80,100,11.72
487,Ljungby,SE,2022-06-21 15:05:21,56.8332,13.9408,73.81,49,17,12.12
488,Saint-Joseph,RE,2022-06-21 15:05:22,-21.3667,55.6167,64.78,71,42,7.81
489,Jadu,LY,2022-06-21 15:05:22,31.953,12.0261,93.92,17,0,10.16
490,Baghdad,IQ,2022-06-21 15:05:22,33.3406,44.4009,104.58,12,0,17.78
491,Richards Bay,ZA,2022-06-21 15:05:23,-28.783,32.0377,66.96,72,22,8.7
492,Bintulu,MY,2022-06-21 15:05:23,3.1667,113.0333,79.95,79,58,1.74
493,Maroantsetra,MG,2022-06-21 15:05:23,-15.4333,49.7333,68.85,86,100,10.87
494,Lucea,JM,2022-06-21 15:05:24,18.451,-78.1736,86.86,73,100,15.39
495,Tessalit,ML,2022-06-21 15:05:24,20.1986,1.0114,105.01,9,4,3.02
496,Rundu,NA,2022-06-21 15:05:25,-17.9333,19.7667,77.81,23,1,9.22
497,Garowe,SO,2022-06-21 15:05:25,8.4054,48.4845,90.01,31,48,24.43
498,Jumla,NP,2022-06-21 15:05:25,29.2747,82.1838,58.19,90,30,3.74
499,El Higo,MX,2022-06-21 15:05:26,21.7667,-98.4667,81.82,71,67,6.44
500,Tarija,BO,2022-06-21 15:05:26,-21.5355,-64.7296,62.51,36,84,0.0
501,Uhlove,UA,2022-06-21 15:05:26,44.8215,33.6045,78.03,62,54,10.51
502,Aban,RU,2022-06-21 15:05:27,56.67,96.06,59.02,56,12,7.09
503,Oktyabrskoye,RU,2022-06-21 15:05:27,43.0645,44.7417,77.14,54,75,17.9
504,Cerro Largo,BR,2022-06-21 15:06:27,-28.1486,-54.7381,66.15,96,100,3.18
505,Nioro,GM,2022-06-21 15:06:28,13.35,-15.75,90.0,49,91,4.81
506,Oranjemund,NA,2022-06-21 15:06:28,-28.55,16.4333,57.34,70,16,9.44
507,Puerto Suarez,BO,2022-06-21 15:06:28,-18.95,-57.8,89.96,62,0,6.91
508,Rawson,AR,2022-06-21 15:06:29,-43.3002,-65.1023,40.87,63,4,14.52
509,Llangefni,GB,2022-06-21 15:06:29,53.2556,-4.3106,64.65,68,20,10.36
510,La Salle,US,2022-06-21 15:05:41,41.3334,-89.0918,86.09,54,0,12.66
511,Tazovskiy,RU,2022-06-21 15:06:29,67.4667,78.7,74.19,44,21,10.89
512,Kefamenanu,ID,2022-06-21 15:06:30,-9.4467,124.4781,69.93,92,62,5.59
513,Rayachoti,IN,2022-06-21 15:06:30,14.05,78.75,81.66,62,100,15.05
514,Qingquan,CN,2022-06-21 15:06:31,30.4511,115.2559,78.42,89,15,9.51
515,Pisco,PE,2022-06-21 15:06:31,-13.7,-76.2167,62.65,82,40,9.22
516,Kirakira,SB,2022-06-21 15:06:31,-10.4544,161.9205,77.94,85,47,7.11
517,Chulman,RU,2022-06-21 15:06:32,56.8479,124.9104,53.87,90,68,0.81
518,Kungurtug,RU,2022-06-21 15:06:32,50.5994,97.5228,50.16,90,53,2.64
519,San Patricio,US,2022-06-21 15:06:33,28.017,-97.5169,90.07,61,100,6.85
520,Monrovia,LR,2022-06-21 15:05:47,6.3005,-10.7969,78.3,84,100,7.67
521,Adrar,MR,2022-06-21 15:06:33,20.5022,-10.0711,94.12,32,76,8.72
522,Ouahigouya,BF,2022-06-21 15:01:56,13.5828,-2.4216,98.33,29,9,4.5
523,Samarai,PG,2022-06-21 15:06:34,-10.6167,150.6667,80.11,79,100,8.88
524,Sisimiut,GL,2022-06-21 15:06:34,66.9395,-53.6735,34.84,84,100,9.17
525,Walvis Bay,NA,2022-06-21 15:06:35,-22.9575,14.5053,62.1,72,39,8.66
526,Bandarbeyla,SO,2022-06-21 15:06:35,9.4942,50.8122,78.04,80,12,32.35
527,Kiruna,SE,2022-06-21 15:06:36,67.8557,20.2251,52.72,71,100,10.36
528,Gao,ML,2022-06-21 15:01:42,16.6362,1.637,105.15,13,29,1.66
529,Gurkovo,BG,2022-06-21 15:06:36,42.6667,25.8,86.38,59,37,4.97
530,Miandrivazo,MG,2022-06-21 15:06:37,-19.5167,45.4667,75.85,31,0,4.36
531,Benguela,AO,2022-06-21 15:06:37,-12.5763,13.4055,73.2,66,1,7.63
532,Borinskoye,RU,2022-06-21 15:06:38,52.4569,39.3713,74.8,76,42,9.53
533,Port Lincoln,AU,2022-06-21 15:06:38,-34.7333,135.8667,56.1,92,5,8.01
534,Ha Tinh,VN,2022-06-21 15:06:39,18.3333,105.9,86.11,58,98,6.91
535,Grimstad,NO,2022-06-21 15:06:39,58.3405,8.5934,64.31,55,83,19.71
536,Beni Mazar,EG,2022-06-21 15:06:39,28.4962,30.8029,95.76,16,0,19.48
537,Nabire,ID,2022-06-21 15:06:40,-3.3667,135.4833,75.09,92,31,3.62
538,Tecpan,GT,2022-06-21 15:06:40,14.7623,-90.9947,56.61,98,100,2.17
539,Barcelos,PT,2022-06-21 15:03:27,41.5388,-8.6151,70.84,71,91,8.81
540,Igrim,RU,2022-06-21 15:06:41,63.1906,64.4162,68.2,84,94,4.92
541,Itarema,BR,2022-06-21 15:06:41,-2.9248,-39.9167,77.27,81,97,10.78
542,At-Bashi,KG,2022-06-21 15:06:42,41.1702,75.8106,56.93,60,93,1.63
543,Vokhma,RU,2022-06-21 15:06:42,58.9303,46.7586,62.29,64,100,5.26
544,Opunake,NZ,2022-06-21 15:06:42,-39.4556,173.8583,46.85,71,77,8.97
545,Guarapari,BR,2022-06-21 15:06:43,-20.6667,-40.4975,77.9,69,3,8.59
546,Necochea,AR,2022-06-21 15:06:43,-38.5473,-58.7368,50.54,52,93,15.12
547,Magadan,RU,2022-06-21 15:06:43,59.5667,150.8,42.89,96,100,4.54
548,Skibbereen,IE,2022-06-21 15:06:44,51.55,-9.2667,64.11,68,51,5.73
549,Ocampo,MX,2022-06-21 15:06:44,21.65,-101.5,62.28,55,43,12.88
550,Umm Kaddadah,SD,2022-06-21 15:07:44,13.6017,26.6876,96.71,23,20,1.77
551,Amga,RU,2022-06-21 15:07:45,60.8953,131.9608,63.32,88,100,4.05
552,Bulungu,CD,2022-06-21 15:07:45,-4.55,18.6,87.39,44,81,3.98
553,Kinlochleven,GB,2022-06-21 15:07:46,56.7115,-4.9661,65.28,78,100,3.06
554,Opportunity,US,2022-06-21 15:07:46,47.6499,-117.2399,64.0,75,0,1.99
555,Abu Samrah,SY,2022-06-21 15:07:46,35.3029,37.1841,77.88,39,0,30.91
556,Myitkyina,MM,2022-06-21 15:07:47,25.3833,97.4,75.58,98,85,0.56
